ticket_id,created_at,category,priority,status,response_time_hrs,resolution_time_hrs,agent_id,customer_rating,issue_summary
TKT-001,2/5/2024 11:14,General,Low,Resolved,3.7,7.8,AGT-03,4.0,Request for product documentation
TKT-002,3/5/2024 17:01,Billing,Low,Resolved,1.2,13.7,AGT-09,4.0,Incorrect charge on invoice
TKT-003,2/13/2024 12:09,Billing,High,Resolved,4.8,2.1,AGT-04,5.0,Unexpected fee on account
TKT-004,3/9/2024 9:59,Billing,High,Resolved,0.6,10.7,AGT-07,4.0,Subscription not activated after payment
TKT-005,3/25/2024 11:49,General,Low,Open,4.9,,AGT-05,,How to export data to CSV
TKT-006,3/22/2024 13:10,Technical,Low,Resolved,1.9,34.1,AGT-06,2.0,Dashboard not loading
TKT-007,1/21/2024 15:24,General,High,Open,4.9,,AGT-05,,Question about usage limits
TKT-008,1/8/2024 11:52,General,Medium,Resolved,4.1,22.1,AGT-01,4.0,Request for account deletion
TKT-009,2/20/2024 18:29,Billing,High,Resolved,1.5,3.9,AGT-03,4.0,Wrong plan charged
TKT-010,1/18/2024 16:31,Technical,Low,Open,3.8,,AGT-02,,Dashboard not loading
TKT-011,3/28/2024 14:38,General,Low,Resolved,2.0,15.1,AGT-02,4.0,Request for product documentation
TKT-012,3/28/2024 16:48,General,High,Resolved,3.9,2.7,AGT-05,1.0,Need help with onboarding
TKT-013,3/5/2024 9:55,General,High,Open,1.6,,AGT-11,,Question about usage limits
TKT-014,1/21/2024 16:49,Billing,Medium,Resolved,4.6,4.5,AGT-09,4.0,Unexpected fee on account
TKT-015,3/13/2024 9:05,Billing,Low,Resolved,2.5,37.7,AGT-12,2.0,Payment failed but amount deducted
TKT-016,3/8/2024 17:27,General,Low,Open,4.7,,AGT-04,,Question about usage limits
TKT-017,3/26/2024 18:23,General,Medium,Resolved,4.5,3.4,AGT-08,1.0,Question about usage limits
TKT-018,1/10/2024 18:03,General,Low,Resolved,0.5,26.6,AGT-04,3.0,Change notification preferences
TKT-019,3/14/2024 17:30,Billing,Medium,Open,4.0,,AGT-04,,Subscription not activated after payment
TKT-020,2/25/2024 13:27,Billing,Low,Open,2.4,,AGT-07,,Refund not processed
TKT-021,2/13/2024 9:15,Billing,Medium,Resolved,1.1,8.1,AGT-04,3.0,Refund not processed
TKT-022,3/11/2024 9:03,Technical,High,Open,5.0,,AGT-11,,API timeout errors in production
TKT-023,3/3/2024 15:13,Billing,Low,Resolved,4.5,76.1,AGT-07,5.0,Payment failed but amount deducted
TKT-024,3/12/2024 18:45,Technical,Medium,Resolved,0.9,14.7,AGT-08,4.0,Error 500 on checkout page
TKT-025,3/2/2024 16:58,Billing,Low,Escalated,1.0,,AGT-09,,Refund not processed
TKT-026,1/9/2024 18:55,Billing,Low,Open,2.1,,AGT-04,,Subscription not activated after payment
TKT-027,3/20/2024 9:26,General,Medium,Resolved,3.0,6.5,AGT-11,5.0,Question about usage limits
TKT-028,3/26/2024 18:19,Technical,Medium,Open,1.7,,AGT-08,,API timeout errors in production
TKT-029,3/13/2024 9:04,Billing,Medium,Resolved,1.2,21.4,AGT-09,5.0,Invoice not received
TKT-030,3/10/2024 12:39,Technical,Low,Resolved,2.7,45.0,AGT-11,2.0,Dashboard not loading
TKT-031,1/14/2024 16:09,Technical,Low,Resolved,1.6,34.2,AGT-05,5.0,Database connection timeout
TKT-032,1/7/2024 9:40,Technical,Low,Resolved,4.2,9.8,AGT-07,5.0,Dashboard not loading
TKT-033,2/24/2024 16:00,General,Medium,Open,0.6,,AGT-02,,Feature request: dark mode
TKT-034,2/17/2024 17:35,General,Low,Resolved,2.3,45.1,AGT-03,5.0,Request for product documentation
TKT-035,2/1/2024 18:06,Technical,Low,Open,3.9,,AGT-06,,SSL certificate issue
TKT-036,1/31/2024 10:51,General,High,Resolved,4.4,4.7,AGT-03,5.0,Question about usage limits
TKT-037,3/30/2024 9:24,Technical,Low,Resolved,4.3,24.3,AGT-01,3.0,Integration broken after version upgrade
TKT-038,1/25/2024 14:21,Billing,Low,Escalated,4.3,,AGT-05,,Unexpected fee on account
TKT-039,2/21/2024 18:53,Technical,Medium,Resolved,1.8,7.7,AGT-09,4.0,Data sync not working
TKT-040,2/25/2024 13:46,Billing,Low,Escalated,2.3,,AGT-06,,Refund not processed
TKT-041,1/25/2024 12:02,Technical,High,Resolved,2.3,8.6,AGT-12,5.0,Integration broken after version upgrade
TKT-042,3/26/2024 13:39,Technical,Medium,Resolved,3.4,13.2,AGT-06,4.0,Error 500 on checkout page
TKT-043,3/11/2024 10:12,Technical,High,Resolved,3.4,2.9,AGT-07,4.0,SSL certificate issue
TKT-044,2/8/2024 12:13,General,High,Open,4.0,,AGT-07,,Request for account deletion
TKT-045,3/27/2024 11:32,Technical,Medium,Escalated,4.0,,AGT-08,,Dashboard not loading
TKT-046,3/6/2024 18:40,General,Low,Open,1.8,,AGT-10,,Question about usage limits
TKT-047,1/26/2024 10:01,General,Medium,Resolved,1.4,3.6,AGT-01,4.0,Question about usage limits
TKT-048,3/4/2024 14:15,General,High,Resolved,3.3,9.5,AGT-03,2.0,How to add team members
TKT-049,3/30/2024 16:29,Billing,Low,Open,2.9,,AGT-01,,Refund not processed
TKT-050,2/29/2024 18:33,Technical,Low,Escalated,3.1,,AGT-09,,Webhook not triggering
TKT-051,3/5/2024 14:53,General,High,Resolved,2.3,6.0,AGT-09,5.0,Need help with onboarding
TKT-052,1/31/2024 12:28,General,Medium,Resolved,3.6,21.6,AGT-02,2.0,Feature request: dark mode
TKT-053,1/20/2024 11:04,Billing,Medium,Resolved,2.2,6.6,AGT-07,4.0,Incorrect charge on invoice
TKT-054,1/1/2024 13:19,General,Medium,Escalated,4.3,,AGT-07,,How to add team members
TKT-055,3/10/2024 17:57,General,High,Resolved,2.5,5.3,AGT-04,4.0,How to add team members
TKT-056,2/29/2024 10:39,General,Low,Resolved,0.3,5.2,AGT-09,4.0,Feature request: dark mode
TKT-057,2/3/2024 14:20,Technical,Low,Resolved,2.4,16.2,AGT-04,5.0,SSL certificate issue
TKT-058,3/1/2024 8:47,Technical,High,Escalated,0.5,,AGT-09,,Integration broken after version upgrade
TKT-059,3/24/2024 8:48,General,Low,Resolved,4.8,59.0,AGT-01,2.0,How to export data to CSV
TKT-060,2/29/2024 12:49,General,Critical,Escalated,1.0,,AGT-06,,How to export data to CSV
TKT-061,1/14/2024 17:01,Billing,Critical,Open,3.0,,AGT-05,,Wrong plan charged
TKT-062,1/26/2024 9:37,Technical,Critical,Resolved,4.2,2.2,AGT-12,4.0,API timeout errors in production
TKT-063,2/14/2024 16:27,General,High,Resolved,2.0,10.3,AGT-11,5.0,How to export data to CSV
TKT-064,3/22/2024 15:45,Technical,Critical,Escalated,2.3,,AGT-03,,Data sync not working
TKT-065,3/9/2024 15:29,General,High,Resolved,4.2,3.7,AGT-07,5.0,Need help with onboarding
TKT-066,2/29/2024 17:39,Technical,Low,Resolved,2.0,12.0,AGT-11,3.0,Data sync not working
TKT-067,3/17/2024 12:35,Technical,Low,Resolved,2.7,21.9,AGT-01,4.0,Integration broken after version upgrade
TKT-068,3/3/2024 15:50,General,Medium,Resolved,0.6,8.7,AGT-01,4.0,Change notification preferences
TKT-069,2/24/2024 16:21,General,Medium,Resolved,3.6,4.7,AGT-06,3.0,How to export data to CSV
TKT-070,3/29/2024 10:12,General,Medium,Resolved,3.7,18.7,AGT-04,4.0,How to export data to CSV
TKT-071,2/16/2024 10:19,Billing,Low,Resolved,3.6,51.9,AGT-01,3.0,Double billing issue
TKT-072,3/3/2024 9:55,General,High,Resolved,3.0,3.0,AGT-01,2.0,Change notification preferences
TKT-073,2/21/2024 15:04,Billing,High,Resolved,3.2,7.2,AGT-10,3.0,Subscription not activated after payment
TKT-074,2/23/2024 17:38,Billing,Medium,Resolved,1.3,11.7,AGT-10,5.0,Wrong plan charged
TKT-075,1/8/2024 17:47,Technical,Medium,Resolved,4.7,16.5,AGT-02,3.0,Dashboard not loading
TKT-076,1/1/2024 14:28,General,Low,Resolved,3.1,35.1,AGT-12,5.0,Change notification preferences
TKT-077,2/3/2024 18:37,Billing,High,Resolved,4.1,3.5,AGT-11,2.0,Unexpected fee on account
TKT-078,1/22/2024 12:38,Billing,Low,Open,4.2,,AGT-12,,Payment failed but amount deducted
TKT-079,2/8/2024 14:17,Billing,Medium,Resolved,2.8,21.6,AGT-09,5.0,Unexpected fee on account
TKT-080,3/27/2024 17:37,Billing,Low,Resolved,5.0,5.8,AGT-01,5.0,Payment failed but amount deducted
TKT-081,2/5/2024 10:37,General,High,Resolved,3.2,4.8,AGT-07,3.0,How to export data to CSV
TKT-082,3/29/2024 15:18,Billing,Medium,Open,4.7,,AGT-11,,Incorrect charge on invoice
TKT-083,2/2/2024 13:07,Technical,Low,Open,4.4,,AGT-07,,System login failure after update
TKT-084,2/29/2024 14:03,General,High,Open,2.7,,AGT-04,,Change notification preferences
TKT-085,1/7/2024 11:17,General,Medium,Resolved,0.8,12.7,AGT-09,1.0,Question about usage limits
TKT-086,3/11/2024 8:35,General,Low,Escalated,0.6,,AGT-07,,How to export data to CSV
TKT-087,3/23/2024 10:31,Technical,Critical,Escalated,1.6,,AGT-12,,SSL certificate issue
TKT-088,2/1/2024 15:35,Technical,Critical,Open,2.0,,AGT-03,,Database connection timeout
TKT-089,1/9/2024 12:49,General,High,Open,1.8,,AGT-07,,Need help with onboarding
TKT-090,2/8/2024 17:37,Billing,Low,Resolved,2.6,19.2,AGT-11,4.0,Wrong plan charged
TKT-091,1/25/2024 11:36,Technical,Critical,Escalated,1.3,,AGT-07,,System login failure after update
TKT-092,2/18/2024 14:42,Technical,High,Resolved,4.9,84.2,AGT-11,4.0,API timeout errors in production
TKT-093,2/28/2024 8:46,Technical,Low,Resolved,2.2,24.7,AGT-03,5.0,Error 500 on checkout page
TKT-094,3/24/2024 9:54,General,High,Escalated,4.3,,AGT-06,,How to add team members
TKT-095,3/3/2024 16:02,Technical,Medium,Resolved,0.5,23.9,AGT-10,5.0,SSL certificate issue
TKT-096,1/13/2024 15:10,Billing,High,Resolved,1.6,1.6,AGT-12,4.0,Wrong plan charged
TKT-097,2/22/2024 17:43,Billing,Low,Resolved,1.0,31.3,AGT-03,3.0,Double billing issue
TKT-098,2/2/2024 15:16,Billing,Medium,Open,0.2,,AGT-11,,Unexpected fee on account
TKT-099,1/10/2024 15:22,General,Medium,Escalated,1.6,,AGT-10,,Need help with onboarding
TKT-100,1/26/2024 14:54,Technical,High,Resolved,0.7,4.3,AGT-08,4.0,System login failure after update
TKT-101,1/2/2024 17:55,General,Medium,Escalated,3.9,,AGT-11,,Change notification preferences
TKT-102,1/30/2024 17:51,Technical,High,Resolved,1.3,9.3,AGT-06,5.0,Dashboard not loading
TKT-103,3/21/2024 18:02,General,Low,Resolved,4.0,9.8,AGT-05,5.0,Request for account deletion
TKT-104,1/26/2024 10:50,General,Medium,Resolved,4.4,8.0,AGT-09,3.0,Change notification preferences
TKT-105,2/13/2024 9:29,Technical,High,Escalated,0.9,,AGT-02,,SSL certificate issue
TKT-106,2/20/2024 8:16,General,Medium,Resolved,0.8,7.8,AGT-09,4.0,Request for account deletion
TKT-107,3/1/2024 8:39,Billing,High,Open,1.8,,AGT-09,,Refund not processed
TKT-108,3/30/2024 12:41,General,High,Resolved,0.8,119.7,AGT-07,2.0,Question about usage limits
TKT-109,2/28/2024 13:42,General,Low,Resolved,3.5,36.0,AGT-12,5.0,How to export data to CSV
TKT-110,2/5/2024 8:44,Technical,Medium,Resolved,1.2,10.0,AGT-06,5.0,Error 500 on checkout page
TKT-111,3/23/2024 13:03,General,Critical,Open,1.5,,AGT-07,,Change notification preferences
TKT-112,3/23/2024 18:38,Billing,High,Resolved,0.4,9.7,AGT-01,3.0,Subscription not activated after payment
TKT-113,1/30/2024 13:49,General,Low,Resolved,4.0,47.3,AGT-03,5.0,Need help with onboarding
TKT-114,1/4/2024 10:00,Billing,Low,Resolved,4.0,11.7,AGT-06,2.0,Wrong plan charged
TKT-115,1/9/2024 15:28,General,Low,Resolved,2.7,45.6,AGT-06,1.0,Need help with onboarding
TKT-116,1/4/2024 8:30,Technical,Medium,Resolved,2.2,11.8,AGT-07,5.0,Error 500 on checkout page
TKT-117,1/17/2024 12:39,General,Low,Open,3.0,,AGT-11,,How to add team members
TKT-118,2/28/2024 16:38,General,Medium,Open,0.7,,AGT-07,,Question about usage limits
TKT-119,1/30/2024 14:21,Technical,Medium,Open,2.1,,AGT-08,,Error 500 on checkout page
TKT-120,2/2/2024 13:09,Technical,Medium,Resolved,4.6,4.1,AGT-11,2.0,Error 500 on checkout page
TKT-121,3/16/2024 16:35,Billing,Medium,Resolved,3.4,22.7,AGT-06,4.0,Incorrect charge on invoice
TKT-122,2/15/2024 9:36,Technical,Medium,Resolved,1.2,4.4,AGT-09,5.0,Error 500 on checkout page
TKT-123,3/14/2024 11:51,Billing,High,Escalated,4.3,,AGT-07,,Incorrect charge on invoice
TKT-124,3/29/2024 12:01,General,Critical,Escalated,1.5,,AGT-03,,Request for account deletion
TKT-125,1/19/2024 17:42,Technical,Low,Open,0.5,,AGT-07,,System login failure after update
TKT-126,1/28/2024 14:26,Billing,High,Resolved,1.8,9.5,AGT-08,4.0,Refund not processed
TKT-127,3/20/2024 8:43,Billing,Low,Resolved,1.5,23.4,AGT-02,3.0,Refund not processed
TKT-128,2/6/2024 18:43,Technical,Medium,Resolved,2.5,76.5,AGT-10,4.0,System login failure after update
TKT-129,1/28/2024 10:48,Billing,Medium,Resolved,1.6,11.5,AGT-05,2.0,Subscription not activated after payment
TKT-130,3/26/2024 13:04,General,Medium,Resolved,4.3,114.3,AGT-07,5.0,How to add team members
TKT-131,3/22/2024 14:18,General,Medium,Escalated,2.1,,AGT-02,,Feature request: dark mode
TKT-132,3/29/2024 13:05,General,Medium,Resolved,4.3,13.5,AGT-07,4.0,Need help with onboarding
TKT-133,2/12/2024 10:04,General,Medium,Resolved,3.2,19.1,AGT-09,4.0,Feature request: dark mode
TKT-134,2/2/2024 11:11,Billing,Low,Open,0.9,,AGT-10,,Refund not processed
TKT-135,3/21/2024 15:29,Billing,Critical,Resolved,3.8,3.6,AGT-10,4.0,Invoice not received
TKT-136,2/26/2024 9:30,General,Medium,Open,3.2,,AGT-08,,Request for product documentation
TKT-137,2/9/2024 15:28,Technical,Medium,Open,0.5,,AGT-01,,API timeout errors in production
TKT-138,1/12/2024 17:38,General,High,Resolved,2.0,9.1,AGT-09,1.0,Question about usage limits
TKT-139,3/5/2024 10:03,Technical,Medium,Open,0.7,,AGT-08,,Error 500 on checkout page
TKT-140,3/23/2024 10:02,General,Low,Escalated,3.6,,AGT-04,,Feature request: dark mode
TKT-141,2/6/2024 14:26,Technical,Medium,Resolved,3.5,9.4,AGT-06,3.0,Database connection timeout
TKT-142,2/2/2024 18:58,General,Medium,Resolved,4.4,5.1,AGT-10,3.0,How to add team members
TKT-143,1/11/2024 12:35,Billing,Medium,Resolved,3.3,17.5,AGT-07,5.0,Refund not processed
TKT-144,3/6/2024 13:01,General,High,Escalated,1.7,,AGT-06,,Request for account deletion
TKT-145,1/18/2024 10:04,Technical,Low,Resolved,4.3,40.7,AGT-05,5.0,System login failure after update
TKT-146,3/20/2024 10:38,General,Medium,Resolved,0.9,15.7,AGT-07,5.0,Change notification preferences
TKT-147,3/27/2024 11:28,Billing,Medium,Open,1.6,,AGT-10,,Payment failed but amount deducted
TKT-148,2/9/2024 15:57,Billing,Medium,Open,2.0,,AGT-04,,Payment failed but amount deducted
TKT-149,2/18/2024 16:33,Technical,High,Open,4.8,,AGT-07,,Mobile app crash on startup
TKT-150,1/7/2024 18:30,Billing,High,Resolved,2.9,10.4,AGT-06,3.0,Double billing issue
TKT-151,3/6/2024 10:53,Technical,Medium,Open,0.6,,AGT-07,,Webhook not triggering
TKT-152,2/23/2024 8:25,Technical,Critical,Resolved,2.0,1.7,AGT-09,3.0,API timeout errors in production
TKT-153,1/19/2024 10:02,General,Medium,Resolved,4.6,18.7,AGT-05,4.0,Request for product documentation
TKT-154,1/28/2024 10:35,Billing,Low,Resolved,3.1,14.5,AGT-12,2.0,Subscription not activated after payment
TKT-155,3/20/2024 15:04,Technical,Medium,Resolved,4.2,15.9,AGT-02,4.0,Dashboard not loading
TKT-156,3/19/2024 13:15,Technical,Medium,Resolved,2.2,23.4,AGT-10,2.0,Database connection timeout
TKT-157,3/5/2024 16:01,General,Medium,Resolved,4.4,10.2,AGT-07,5.0,Request for account deletion
TKT-158,3/25/2024 18:06,Billing,Medium,Resolved,3.7,87.3,AGT-10,5.0,Double billing issue
TKT-159,3/30/2024 15:40,General,Medium,Resolved,4.1,12.1,AGT-03,3.0,Request for product documentation
TKT-160,2/10/2024 12:32,Billing,High,Resolved,4.9,9.3,AGT-07,3.0,Invoice not received
TKT-161,2/12/2024 12:07,Billing,High,Resolved,2.3,11.5,AGT-06,3.0,Double billing issue
TKT-162,2/17/2024 16:17,Technical,High,Resolved,3.7,10.0,AGT-02,4.0,Error 500 on checkout page
TKT-163,3/25/2024 12:19,Billing,Low,Resolved,3.1,19.5,AGT-08,1.0,Invoice not received
TKT-164,2/5/2024 18:50,General,Critical,Escalated,0.6,,AGT-01,,Request for account deletion
TKT-165,3/27/2024 10:01,General,High,Open,4.3,,AGT-03,,Change notification preferences
TKT-166,1/31/2024 18:23,Billing,Low,Resolved,2.0,33.9,AGT-06,5.0,Invoice not received
TKT-167,3/14/2024 10:33,Technical,High,Open,2.1,,AGT-06,,Integration broken after version upgrade
TKT-168,1/24/2024 15:33,Billing,Low,Resolved,4.6,35.0,AGT-07,3.0,Unexpected fee on account
TKT-169,3/3/2024 11:07,General,Critical,Resolved,4.3,2.9,AGT-03,2.0,Request for account deletion
TKT-170,1/9/2024 16:34,General,Medium,Open,4.5,,AGT-05,,Feature request: dark mode
TKT-171,1/16/2024 11:50,Technical,Medium,Resolved,1.3,14.6,AGT-03,4.0,Database connection timeout
TKT-172,1/12/2024 9:19,Billing,Medium,Open,5.0,,AGT-07,,Wrong plan charged
TKT-173,1/10/2024 10:20,Technical,High,Resolved,0.6,2.4,AGT-11,5.0,Database connection timeout
TKT-174,1/17/2024 14:32,General,Medium,Resolved,4.2,5.6,AGT-01,5.0,Question about usage limits
TKT-175,3/7/2024 12:54,Technical,Critical,Escalated,1.4,,AGT-02,,Database connection timeout
TKT-176,2/8/2024 17:34,Technical,Low,Resolved,2.6,10.8,AGT-02,4.0,Mobile app crash on startup
TKT-177,3/13/2024 8:52,Technical,High,Escalated,0.6,,AGT-01,,Mobile app crash on startup
TKT-178,3/14/2024 14:39,Technical,High,Escalated,0.3,,AGT-11,,Database connection timeout
TKT-179,2/8/2024 15:15,Technical,Medium,Resolved,2.1,5.5,AGT-11,4.0,Webhook not triggering
TKT-180,1/19/2024 13:55,Billing,Medium,Escalated,1.7,,AGT-12,,Invoice not received
TKT-181,2/17/2024 16:35,Technical,Low,Resolved,1.7,14.9,AGT-02,2.0,Data sync not working
TKT-182,2/23/2024 11:55,Technical,High,Escalated,4.1,,AGT-03,,Error 500 on checkout page
TKT-183,3/4/2024 16:29,Billing,High,Resolved,4.4,5.3,AGT-08,4.0,Subscription not activated after payment
TKT-184,1/7/2024 8:18,Billing,Medium,Open,3.1,,AGT-08,,Payment failed but amount deducted
TKT-185,1/14/2024 14:08,Technical,Medium,Open,3.7,,AGT-05,,Error 500 on checkout page
TKT-186,3/13/2024 16:12,Billing,Medium,Resolved,2.9,18.8,AGT-06,3.0,Refund not processed
TKT-187,2/20/2024 13:50,Billing,Critical,Resolved,2.9,3.8,AGT-06,4.0,Incorrect charge on invoice
TKT-188,2/12/2024 15:33,Billing,Low,Open,0.9,,AGT-08,,Double billing issue
TKT-189,2/10/2024 10:25,Technical,Critical,Resolved,3.7,5.1,AGT-10,4.0,Mobile app crash on startup
TKT-190,1/3/2024 13:21,Technical,Medium,Resolved,0.7,21.8,AGT-11,5.0,System login failure after update
TKT-191,3/24/2024 17:36,General,Medium,Resolved,3.7,15.8,AGT-04,4.0,How to add team members
TKT-192,2/1/2024 8:36,Billing,High,Resolved,0.7,2.7,AGT-12,4.0,Wrong plan charged
TKT-193,3/1/2024 8:45,General,High,Resolved,2.7,6.3,AGT-03,4.0,Feature request: dark mode
TKT-194,2/13/2024 16:22,Technical,Critical,Escalated,3.9,,AGT-11,,Data sync not working
TKT-195,2/1/2024 12:35,General,Medium,Escalated,1.3,,AGT-05,,Need help with onboarding
TKT-196,3/29/2024 15:20,Technical,High,Escalated,1.9,,AGT-08,,Data sync not working
TKT-197,3/27/2024 16:24,Technical,Low,Escalated,4.1,,AGT-07,,Dashboard not loading
TKT-198,1/11/2024 13:59,Technical,Low,Open,3.3,,AGT-08,,Integration broken after version upgrade
TKT-199,2/4/2024 16:44,Billing,High,Open,0.9,,AGT-05,,Subscription not activated after payment
TKT-200,3/8/2024 11:40,Billing,Low,Resolved,0.5,8.4,AGT-04,5.0,Incorrect charge on invoice
TKT-201,1/21/2024 14:41,General,Critical,Resolved,2.5,2.3,AGT-08,4.0,How to export data to CSV
TKT-202,3/9/2024 8:58,General,Medium,Open,2.2,,AGT-03,,Request for product documentation
TKT-203,1/24/2024 12:56,Technical,High,Resolved,0.2,11.8,AGT-01,3.0,Database connection timeout
TKT-204,1/18/2024 16:29,General,Medium,Resolved,1.1,12.1,AGT-05,3.0,Feature request: dark mode
TKT-205,2/7/2024 17:43,Billing,High,Escalated,1.0,,AGT-04,,Wrong plan charged
TKT-206,1/12/2024 14:42,Technical,Medium,Resolved,1.1,7.5,AGT-02,3.0,Integration broken after version upgrade
TKT-207,2/12/2024 12:37,Technical,High,Resolved,2.9,3.6,AGT-12,4.0,Webhook not triggering
TKT-208,3/28/2024 16:59,Technical,Low,Resolved,3.9,45.4,AGT-12,4.0,Integration broken after version upgrade
TKT-209,3/2/2024 10:29,Billing,Critical,Resolved,4.9,5.5,AGT-12,5.0,Subscription not activated after payment
TKT-210,3/17/2024 9:33,Billing,High,Resolved,2.7,2.2,AGT-08,5.0,Subscription not activated after payment
TKT-211,1/22/2024 13:54,General,Medium,Resolved,2.3,12.8,AGT-09,5.0,Change notification preferences
TKT-212,3/6/2024 14:29,Billing,Medium,Resolved,0.5,17.9,AGT-10,4.0,Incorrect charge on invoice
TKT-213,1/10/2024 8:27,General,Low,Resolved,3.6,43.3,AGT-06,5.0,Change notification preferences
TKT-214,1/24/2024 10:49,Billing,Low,Resolved,4.9,47.7,AGT-11,4.0,Wrong plan charged
TKT-215,3/25/2024 16:08,Technical,Low,Resolved,4.3,21.3,AGT-11,2.0,Integration broken after version upgrade
TKT-216,2/8/2024 15:43,Billing,High,Resolved,2.8,3.7,AGT-12,3.0,Unexpected fee on account
TKT-217,1/15/2024 8:51,Billing,Critical,Escalated,2.2,,AGT-11,,Incorrect charge on invoice
TKT-218,1/13/2024 17:02,Billing,Low,Open,3.1,,AGT-08,,Incorrect charge on invoice
TKT-219,2/21/2024 15:14,Billing,High,Escalated,1.2,,AGT-09,,Incorrect charge on invoice
TKT-220,2/7/2024 11:52,Billing,Medium,Resolved,3.0,20.0,AGT-12,3.0,Double billing issue
TKT-221,2/22/2024 12:17,General,Medium,Resolved,2.9,5.9,AGT-01,4.0,Change notification preferences
TKT-222,3/23/2024 18:24,Billing,Critical,Resolved,1.7,2.6,AGT-09,5.0,Payment failed but amount deducted
TKT-223,2/8/2024 10:51,Billing,High,Resolved,4.6,7.1,AGT-08,2.0,Subscription not activated after payment
TKT-224,3/23/2024 9:59,Technical,Low,Resolved,4.3,12.4,AGT-08,3.0,Mobile app crash on startup
TKT-225,1/10/2024 11:51,General,Low,Resolved,3.7,42.3,AGT-10,3.0,Request for product documentation
TKT-226,1/16/2024 15:58,Billing,Critical,Escalated,3.5,,AGT-04,,Wrong plan charged
TKT-227,2/6/2024 14:29,Billing,Medium,Resolved,3.3,21.4,AGT-09,4.0,Payment failed but amount deducted
TKT-228,2/17/2024 13:26,Technical,Critical,Resolved,2.9,1.9,AGT-01,5.0,Mobile app crash on startup
TKT-229,1/20/2024 11:21,General,Medium,Open,2.0,,AGT-04,,Change notification preferences
TKT-230,3/28/2024 13:16,General,High,Open,4.8,,AGT-08,,Change notification preferences
TKT-231,2/15/2024 10:08,Technical,Low,Resolved,2.8,47.6,AGT-12,5.0,Database connection timeout
TKT-232,1/10/2024 18:03,Billing,High,Open,2.2,,AGT-01,,Subscription not activated after payment
TKT-233,1/2/2024 11:32,Billing,High,Open,2.0,,AGT-08,,Payment failed but amount deducted
TKT-234,1/1/2024 16:35,General,Medium,Resolved,0.3,23.5,AGT-07,1.0,How to add team members
TKT-235,1/13/2024 16:09,Billing,Low,Resolved,1.1,15.8,AGT-04,4.0,Invoice not received
TKT-236,2/1/2024 11:19,Technical,Medium,Resolved,4.2,16.3,AGT-11,1.0,SSL certificate issue
TKT-237,3/1/2024 8:40,Technical,Medium,Resolved,3.6,16.2,AGT-01,3.0,API timeout errors in production
TKT-238,1/30/2024 11:57,General,Critical,Resolved,4.5,53.4,AGT-12,5.0,Request for product documentation
TKT-239,2/10/2024 8:13,Billing,Critical,Escalated,0.9,,AGT-10,,Wrong plan charged
TKT-240,3/13/2024 11:36,Billing,Low,Resolved,3.4,36.5,AGT-07,5.0,Refund not processed
TKT-241,2/14/2024 8:06,General,High,Resolved,1.3,7.8,AGT-07,4.0,Request for account deletion
TKT-242,2/27/2024 15:14,Billing,Medium,Resolved,2.9,14.9,AGT-06,4.0,Unexpected fee on account
TKT-243,1/11/2024 12:09,Billing,High,Open,3.6,,AGT-07,,Wrong plan charged
TKT-244,1/12/2024 8:19,Technical,Medium,Resolved,1.9,6.1,AGT-08,4.0,Database connection timeout
TKT-245,1/4/2024 9:22,General,Medium,Resolved,0.6,10.5,AGT-09,3.0,How to add team members
TKT-246,3/12/2024 11:36,Billing,High,Resolved,1.0,4.3,AGT-09,4.0,Refund not processed
TKT-247,2/23/2024 12:30,Billing,Medium,Open,1.9,,AGT-02,,Payment failed but amount deducted
TKT-248,2/28/2024 9:08,General,Medium,Resolved,0.2,10.4,AGT-05,5.0,Change notification preferences
TKT-249,3/24/2024 17:08,Technical,Medium,Open,1.7,,AGT-05,,Integration broken after version upgrade
TKT-250,2/20/2024 13:18,Technical,Medium,Resolved,3.5,7.3,AGT-12,4.0,SSL certificate issue
TKT-251,3/13/2024 11:37,Technical,Low,Open,1.1,,AGT-09,,System login failure after update
TKT-252,1/27/2024 15:51,General,Medium,Resolved,4.2,19.5,AGT-05,4.0,Feature request: dark mode
TKT-253,2/2/2024 18:09,General,Medium,Resolved,2.2,15.2,AGT-12,4.0,How to add team members
TKT-254,2/16/2024 16:38,General,Low,Resolved,4.6,33.2,AGT-11,3.0,Request for product documentation
TKT-255,3/27/2024 18:25,General,Critical,Resolved,4.8,66.6,AGT-06,4.0,Question about usage limits
TKT-256,2/29/2024 18:37,Technical,Medium,Resolved,2.6,55.5,AGT-12,4.0,API timeout errors in production
TKT-257,1/19/2024 13:19,Billing,High,Resolved,2.4,6.2,AGT-06,4.0,Payment failed but amount deducted
TKT-258,1/6/2024 9:01,Technical,Low,Resolved,3.3,47.3,AGT-06,3.0,Dashboard not loading
TKT-259,3/12/2024 14:29,General,Low,Resolved,4.0,32.9,AGT-04,4.0,Question about usage limits
TKT-260,2/19/2024 8:45,Technical,Medium,Open,1.2,,AGT-04,,API timeout errors in production
TKT-261,3/9/2024 10:23,General,Low,Resolved,1.1,25.5,AGT-06,5.0,Request for account deletion
TKT-262,2/20/2024 17:07,General,Medium,Resolved,1.9,16.8,AGT-06,5.0,How to export data to CSV
TKT-263,1/16/2024 11:19,General,Low,Resolved,1.1,22.4,AGT-02,2.0,How to add team members
TKT-264,3/22/2024 16:44,Technical,Low,Resolved,4.7,16.7,AGT-11,3.0,Webhook not triggering
TKT-265,2/15/2024 8:31,General,Low,Resolved,1.1,32.7,AGT-03,4.0,Change notification preferences
TKT-266,2/26/2024 15:10,Technical,High,Open,2.9,,AGT-02,,Integration broken after version upgrade
TKT-267,1/29/2024 16:18,Technical,Low,Resolved,3.9,25.8,AGT-03,4.0,Mobile app crash on startup
TKT-268,3/10/2024 13:34,Billing,Low,Resolved,3.8,22.7,AGT-01,5.0,Subscription not activated after payment
TKT-269,1/5/2024 15:16,Technical,High,Resolved,4.3,2.3,AGT-06,5.0,Integration broken after version upgrade
TKT-270,2/14/2024 17:40,General,Medium,Resolved,1.0,6.6,AGT-07,2.0,Request for account deletion
TKT-271,3/9/2024 10:20,General,Low,Resolved,1.6,26.6,AGT-12,5.0,How to export data to CSV
TKT-272,2/22/2024 8:17,Billing,Critical,Open,0.8,,AGT-11,,Subscription not activated after payment
TKT-273,2/1/2024 18:25,Billing,High,Open,0.9,,AGT-08,,Wrong plan charged
TKT-274,3/22/2024 9:25,Technical,Medium,Resolved,3.8,12.0,AGT-09,4.0,Mobile app crash on startup
TKT-275,1/12/2024 15:40,Billing,High,Escalated,3.5,,AGT-11,,Wrong plan charged
TKT-276,1/28/2024 15:17,Billing,Critical,Resolved,4.2,3.6,AGT-06,4.0,Invoice not received
TKT-277,1/6/2024 9:40,General,High,Escalated,0.3,,AGT-08,,Feature request: dark mode
TKT-278,2/24/2024 11:44,Technical,Medium,Resolved,4.4,21.3,AGT-03,2.0,Error 500 on checkout page
TKT-279,3/26/2024 18:10,Technical,Low,Resolved,2.1,14.3,AGT-01,4.0,API timeout errors in production
TKT-280,1/10/2024 10:37,Billing,Low,Resolved,2.7,72.7,AGT-04,2.0,Wrong plan charged
TKT-281,1/10/2024 11:24,General,Low,Resolved,3.7,42.8,AGT-02,2.0,Feature request: dark mode
TKT-282,1/19/2024 9:33,General,Critical,Escalated,0.2,,AGT-10,,Change notification preferences
TKT-283,3/21/2024 10:58,Technical,High,Resolved,3.2,10.9,AGT-07,2.0,API timeout errors in production
TKT-284,2/14/2024 14:20,General,High,Open,1.4,,AGT-03,,Question about usage limits
TKT-285,3/18/2024 12:49,General,Medium,Open,0.3,,AGT-12,,Need help with onboarding
TKT-286,3/6/2024 11:47,Billing,Medium,Resolved,1.6,23.0,AGT-07,4.0,Refund not processed
TKT-287,3/17/2024 9:33,Billing,Medium,Open,4.9,,AGT-01,,Double billing issue
TKT-288,3/13/2024 14:23,Technical,High,Open,3.5,,AGT-09,,API timeout errors in production
TKT-289,1/2/2024 12:13,Billing,Medium,Open,4.6,,AGT-01,,Wrong plan charged
TKT-290,3/5/2024 14:27,General,Low,Resolved,2.1,10.7,AGT-12,2.0,How to export data to CSV
TKT-291,1/20/2024 16:20,General,Critical,Escalated,3.0,,AGT-07,,How to export data to CSV
TKT-292,1/31/2024 8:15,Technical,High,Resolved,4.6,1.6,AGT-02,4.0,Dashboard not loading
TKT-293,1/18/2024 8:10,Billing,Low,Resolved,4.8,35.7,AGT-08,3.0,Double billing issue
TKT-294,2/4/2024 9:49,General,High,Resolved,1.8,3.9,AGT-01,5.0,How to export data to CSV
TKT-295,2/16/2024 8:31,Technical,Medium,Resolved,1.0,21.7,AGT-10,4.0,API timeout errors in production
TKT-296,1/1/2024 8:54,Billing,High,Resolved,1.4,2.7,AGT-01,5.0,Incorrect charge on invoice
TKT-297,3/24/2024 14:14,General,High,Escalated,1.4,,AGT-06,,Request for account deletion
TKT-298,3/14/2024 13:07,Technical,High,Resolved,3.4,6.7,AGT-09,1.0,SSL certificate issue
TKT-299,2/6/2024 12:20,Billing,High,Resolved,2.9,7.2,AGT-02,3.0,Subscription not activated after payment
TKT-300,3/4/2024 11:46,Technical,Medium,Resolved,3.9,77.5,AGT-09,3.0,Error 500 on checkout page
TKT-301,1/2/2024 13:00,General,High,Open,2.0,,AGT-11,,Need help with onboarding
TKT-302,1/31/2024 14:31,Billing,Low,Resolved,4.9,5.9,AGT-01,3.0,Wrong plan charged
TKT-303,2/28/2024 9:37,General,High,Open,2.6,,AGT-02,,How to add team members
TKT-304,1/8/2024 14:42,Billing,Medium,Resolved,1.3,19.6,AGT-03,5.0,Invoice not received
TKT-305,1/30/2024 9:12,Technical,Medium,Resolved,3.9,5.6,AGT-03,4.0,SSL certificate issue
TKT-306,1/27/2024 15:19,Billing,Medium,Resolved,1.5,17.1,AGT-08,5.0,Incorrect charge on invoice
TKT-307,2/11/2024 10:05,Billing,High,Resolved,1.4,8.4,AGT-12,3.0,Double billing issue
TKT-308,2/27/2024 16:47,Billing,Critical,Resolved,1.4,1.3,AGT-09,1.0,Subscription not activated after payment
TKT-309,2/21/2024 13:43,Billing,Low,Resolved,4.7,44.4,AGT-11,2.0,Refund not processed
TKT-310,2/26/2024 10:05,Billing,Critical,Open,0.8,,AGT-06,,Incorrect charge on invoice
TKT-311,2/25/2024 14:31,Billing,Critical,Resolved,2.0,5.5,AGT-01,3.0,Payment failed but amount deducted
TKT-312,3/20/2024 17:15,Billing,Low,Resolved,1.6,6.7,AGT-11,3.0,Double billing issue
TKT-313,3/8/2024 11:40,Technical,Low,Escalated,4.0,,AGT-09,,Error 500 on checkout page
TKT-314,3/3/2024 13:58,Technical,Medium,Resolved,2.6,9.0,AGT-10,3.0,Data sync not working
TKT-315,3/1/2024 16:22,Billing,High,Escalated,5.0,,AGT-10,,Refund not processed
TKT-316,2/4/2024 16:52,Billing,High,Escalated,0.5,,AGT-12,,Subscription not activated after payment
TKT-317,2/19/2024 13:59,General,High,Resolved,1.0,8.7,AGT-03,5.0,Request for product documentation
TKT-318,3/13/2024 17:09,General,High,Open,4.8,,AGT-10,,Change notification preferences
TKT-319,3/3/2024 8:05,General,Medium,Resolved,1.3,2.0,AGT-01,5.0,Question about usage limits
TKT-320,1/23/2024 13:03,Billing,Medium,Open,0.9,,AGT-01,,Double billing issue
TKT-321,2/16/2024 9:23,Billing,High,Resolved,4.7,4.3,AGT-12,2.0,Double billing issue
TKT-322,3/22/2024 15:41,General,Critical,Open,1.0,,AGT-06,,Request for account deletion
TKT-323,1/23/2024 14:19,Billing,High,Resolved,3.5,11.4,AGT-12,5.0,Wrong plan charged
TKT-324,3/18/2024 13:58,General,Low,Resolved,1.3,10.2,AGT-10,5.0,Question about usage limits
TKT-325,1/22/2024 18:56,Technical,Critical,Escalated,4.1,,AGT-02,,Error 500 on checkout page
TKT-326,1/27/2024 11:44,Technical,Low,Open,1.9,,AGT-02,,System login failure after update
TKT-327,2/23/2024 10:56,Billing,Medium,Resolved,2.6,4.2,AGT-07,4.0,Subscription not activated after payment
TKT-328,1/5/2024 12:01,Billing,Medium,Resolved,1.5,21.5,AGT-06,3.0,Refund not processed
TKT-329,1/12/2024 13:38,General,Critical,Escalated,4.5,,AGT-10,,How to add team members
TKT-330,2/25/2024 10:03,General,Low,Escalated,1.8,,AGT-02,,How to add team members
TKT-331,3/10/2024 12:42,General,Medium,Resolved,1.6,14.1,AGT-05,4.0,Request for product documentation
TKT-332,1/12/2024 12:52,Technical,Low,Resolved,3.2,13.1,AGT-11,4.0,API timeout errors in production
TKT-333,2/9/2024 14:30,Technical,High,Resolved,4.5,5.3,AGT-08,4.0,SSL certificate issue
TKT-334,1/6/2024 12:28,Technical,Low,Open,1.5,,AGT-08,,Mobile app crash on startup
TKT-335,3/30/2024 18:06,Billing,Low,Open,3.4,,AGT-02,,Wrong plan charged
TKT-336,1/8/2024 14:52,General,Low,Resolved,2.2,24.9,AGT-09,5.0,Change notification preferences
TKT-337,1/5/2024 16:36,Technical,Low,Resolved,4.0,9.3,AGT-09,5.0,Dashboard not loading
TKT-338,1/25/2024 10:02,Billing,Critical,Escalated,0.6,,AGT-07,,Subscription not activated after payment
TKT-339,3/17/2024 12:20,General,Low,Resolved,4.6,21.5,AGT-12,3.0,Need help with onboarding
TKT-340,1/2/2024 17:37,General,Medium,Resolved,4.0,14.5,AGT-09,4.0,How to export data to CSV
TKT-341,1/13/2024 12:55,Billing,Medium,Open,4.4,,AGT-09,,Unexpected fee on account
TKT-342,3/14/2024 17:30,Technical,High,Resolved,1.0,8.5,AGT-01,4.0,SSL certificate issue
TKT-343,1/7/2024 15:58,Technical,High,Resolved,4.5,4.3,AGT-05,3.0,Webhook not triggering
TKT-344,1/30/2024 10:19,General,High,Open,2.3,,AGT-12,,Need help with onboarding
TKT-345,3/23/2024 9:12,General,Medium,Open,1.2,,AGT-08,,Change notification preferences
TKT-346,1/8/2024 16:50,General,High,Open,0.5,,AGT-03,,How to add team members
TKT-347,3/8/2024 17:01,Billing,High,Open,1.1,,AGT-03,,Incorrect charge on invoice
TKT-348,1/7/2024 13:45,Billing,Low,Open,1.5,,AGT-04,,Wrong plan charged
TKT-349,3/28/2024 8:15,General,Critical,Resolved,2.5,3.1,AGT-06,4.0,Request for account deletion
TKT-350,2/3/2024 9:18,Billing,High,Resolved,2.1,11.6,AGT-01,5.0,Subscription not activated after payment
TKT-351,3/24/2024 14:32,General,Low,Escalated,4.4,,AGT-01,,Request for product documentation
TKT-352,3/23/2024 10:38,Technical,Critical,Escalated,1.3,,AGT-01,,Data sync not working
TKT-353,3/23/2024 12:27,General,Critical,Resolved,4.3,2.2,AGT-07,4.0,How to add team members
TKT-354,3/6/2024 18:53,General,Low,Resolved,2.9,34.1,AGT-06,4.0,Request for account deletion
TKT-355,2/5/2024 12:41,Technical,Medium,Resolved,4.8,13.4,AGT-12,3.0,System login failure after update
TKT-356,2/10/2024 18:08,General,Medium,Resolved,0.3,22.0,AGT-12,4.0,Request for product documentation
TKT-357,3/14/2024 11:21,General,High,Open,3.6,,AGT-12,,Change notification preferences
TKT-358,2/8/2024 10:53,General,Medium,Resolved,4.4,4.8,AGT-11,3.0,Feature request: dark mode
TKT-359,3/24/2024 9:14,General,High,Escalated,1.3,,AGT-06,,How to add team members
TKT-360,3/15/2024 12:29,Technical,Medium,Open,2.5,,AGT-02,,Mobile app crash on startup
TKT-361,1/10/2024 15:56,General,Critical,Open,2.6,,AGT-04,,How to add team members
TKT-362,1/7/2024 10:08,General,Low,Escalated,1.8,,AGT-04,,Change notification preferences
TKT-363,1/24/2024 9:31,Billing,Medium,Resolved,3.2,2.1,AGT-06,3.0,Double billing issue
TKT-364,3/3/2024 9:08,General,High,Resolved,2.3,6.3,AGT-10,1.0,Question about usage limits
TKT-365,1/2/2024 13:48,General,Medium,Resolved,1.1,7.5,AGT-09,4.0,Request for account deletion
TKT-366,2/19/2024 16:37,Technical,Low,Open,1.0,,AGT-05,,Data sync not working
TKT-367,3/7/2024 17:33,Technical,Medium,Resolved,2.3,23.9,AGT-06,4.0,Integration broken after version upgrade
TKT-368,2/21/2024 8:14,Billing,Critical,Resolved,3.7,3.7,AGT-04,3.0,Invoice not received
TKT-369,1/5/2024 14:56,General,High,Resolved,1.4,119.6,AGT-11,4.0,Request for product documentation
TKT-370,2/23/2024 15:24,Billing,High,Resolved,2.8,8.6,AGT-02,4.0,Unexpected fee on account
TKT-371,3/25/2024 16:17,Technical,High,Resolved,3.1,2.2,AGT-10,5.0,API timeout errors in production
TKT-372,1/14/2024 15:12,Technical,Low,Resolved,1.2,12.9,AGT-10,5.0,Data sync not working
TKT-373,3/4/2024 11:44,Billing,Low,Resolved,1.8,43.9,AGT-08,5.0,Payment failed but amount deducted
TKT-374,3/6/2024 9:46,Billing,Critical,Resolved,0.7,5.9,AGT-12,3.0,Payment failed but amount deducted
TKT-375,1/23/2024 8:54,Billing,Low,Resolved,1.9,9.1,AGT-05,5.0,Incorrect charge on invoice
TKT-376,3/25/2024 18:10,Billing,High,Resolved,1.9,10.7,AGT-06,2.0,Invoice not received
TKT-377,2/21/2024 15:17,Billing,Low,Resolved,3.5,43.0,AGT-07,3.0,Double billing issue
TKT-378,1/21/2024 9:26,General,High,Resolved,2.5,7.7,AGT-10,5.0,Request for product documentation
TKT-379,1/17/2024 15:58,General,High,Resolved,0.7,66.8,AGT-08,3.0,Question about usage limits
TKT-380,3/7/2024 16:44,General,High,Resolved,3.2,6.3,AGT-12,4.0,How to add team members
TKT-381,3/12/2024 17:03,Billing,High,Resolved,3.3,10.4,AGT-01,5.0,Refund not processed
TKT-382,2/12/2024 12:03,Technical,Medium,Resolved,1.3,7.2,AGT-09,4.0,Mobile app crash on startup
TKT-383,3/4/2024 15:20,Technical,Low,Open,4.9,,AGT-02,,System login failure after update
TKT-384,1/5/2024 16:35,Billing,Medium,Open,4.2,,AGT-01,,Unexpected fee on account
TKT-385,3/24/2024 18:29,General,Medium,Resolved,1.9,12.0,AGT-06,4.0,Change notification preferences
TKT-386,2/27/2024 9:06,General,High,Resolved,1.3,11.6,AGT-11,3.0,Request for account deletion
TKT-387,1/22/2024 15:08,General,Low,Resolved,3.8,12.6,AGT-12,2.0,How to add team members
TKT-388,1/25/2024 13:06,Billing,Medium,Resolved,0.4,4.7,AGT-07,5.0,Payment failed but amount deducted
TKT-389,3/5/2024 10:31,General,Medium,Resolved,2.7,20.5,AGT-01,4.0,Feature request: dark mode
TKT-390,1/17/2024 9:24,General,Medium,Open,3.1,,AGT-11,,How to add team members
TKT-391,3/29/2024 11:17,Technical,Critical,Open,4.8,,AGT-07,,Webhook not triggering
TKT-392,3/18/2024 16:19,Billing,Low,Resolved,2.8,28.4,AGT-12,3.0,Subscription not activated after payment
TKT-393,3/28/2024 13:58,General,High,Open,0.8,,AGT-11,,Feature request: dark mode
TKT-394,3/22/2024 13:45,General,Medium,Resolved,3.9,22.7,AGT-02,5.0,Need help with onboarding
TKT-395,3/7/2024 9:01,Technical,High,Open,0.9,,AGT-07,,Integration broken after version upgrade
TKT-396,1/21/2024 12:43,Technical,High,Resolved,0.9,3.2,AGT-05,4.0,Error 500 on checkout page
TKT-397,3/27/2024 16:55,Technical,Low,Resolved,3.8,38.5,AGT-04,5.0,Data sync not working
TKT-398,2/18/2024 14:26,General,High,Resolved,1.7,66.1,AGT-11,4.0,Change notification preferences
TKT-399,3/23/2024 13:48,Billing,Critical,Escalated,2.8,,AGT-10,,Subscription not activated after payment
TKT-400,3/28/2024 9:11,Technical,Medium,Resolved,3.7,68.1,AGT-03,3.0,Dashboard not loading
TKT-401,1/1/2024 13:29,General,High,Resolved,4.7,7.6,AGT-12,5.0,Need help with onboarding
TKT-402,3/11/2024 13:04,Technical,High,Resolved,1.7,1.7,AGT-12,4.0,SSL certificate issue
TKT-403,1/12/2024 13:14,General,Medium,Resolved,3.4,22.9,AGT-04,4.0,Change notification preferences
TKT-404,3/24/2024 8:07,General,High,Resolved,1.9,11.1,AGT-11,3.0,Request for product documentation
TKT-405,2/18/2024 9:24,General,High,Resolved,2.8,10.0,AGT-05,4.0,Change notification preferences
TKT-406,3/24/2024 11:20,Technical,Low,Resolved,0.6,38.0,AGT-09,4.0,API timeout errors in production
TKT-407,1/28/2024 18:27,Billing,High,Open,1.2,,AGT-02,,Wrong plan charged
TKT-408,1/10/2024 18:09,General,High,Resolved,2.4,1.6,AGT-01,5.0,How to export data to CSV
TKT-409,2/3/2024 14:24,General,High,Resolved,3.2,96.5,AGT-08,4.0,How to export data to CSV
TKT-410,3/30/2024 9:22,General,Medium,Open,0.7,,AGT-09,,Need help with onboarding
TKT-411,2/26/2024 14:25,General,Low,Resolved,0.3,36.9,AGT-11,5.0,Need help with onboarding
TKT-412,3/27/2024 18:23,General,Low,Resolved,2.9,4.2,AGT-01,4.0,How to export data to CSV
TKT-413,2/14/2024 11:26,Technical,Low,Resolved,4.3,31.1,AGT-11,3.0,API timeout errors in production
TKT-414,3/13/2024 8:54,Billing,High,Resolved,2.4,1.7,AGT-09,2.0,Payment failed but amount deducted
TKT-415,3/26/2024 18:15,Technical,Medium,Resolved,1.6,12.7,AGT-02,3.0,Data sync not working
TKT-416,3/13/2024 17:23,General,Medium,Resolved,4.8,19.3,AGT-06,5.0,How to add team members
TKT-417,1/18/2024 18:46,Technical,High,Resolved,4.4,4.4,AGT-06,4.0,Dashboard not loading
TKT-418,2/5/2024 10:57,General,Medium,Open,1.1,,AGT-09,,How to export data to CSV
TKT-419,1/3/2024 16:40,General,Low,Resolved,4.1,13.4,AGT-01,1.0,Need help with onboarding
TKT-420,3/10/2024 15:41,General,High,Resolved,2.0,9.1,AGT-03,3.0,Change notification preferences
TKT-421,2/20/2024 13:32,General,Medium,Open,3.4,,AGT-01,,Feature request: dark mode
TKT-422,1/21/2024 10:36,General,Low,Escalated,3.4,,AGT-10,,Change notification preferences
TKT-423,3/3/2024 11:04,Technical,Low,Resolved,2.0,43.9,AGT-05,4.0,Webhook not triggering
TKT-424,1/6/2024 18:20,Technical,High,Resolved,3.6,10.2,AGT-02,3.0,Database connection timeout
TKT-425,3/24/2024 14:23,General,Low,Open,3.3,,AGT-10,,Need help with onboarding
TKT-426,1/29/2024 16:25,Technical,Critical,Resolved,4.1,5.4,AGT-06,1.0,Dashboard not loading
TKT-427,1/10/2024 16:41,Technical,Low,Resolved,1.2,35.6,AGT-05,2.0,Integration broken after version upgrade
TKT-428,1/15/2024 15:43,Technical,High,Resolved,2.5,5.5,AGT-08,3.0,Dashboard not loading
TKT-429,1/18/2024 18:32,General,Medium,Resolved,4.5,22.3,AGT-01,4.0,How to add team members
TKT-430,3/22/2024 8:56,General,Critical,Escalated,3.7,,AGT-12,,How to export data to CSV
TKT-431,3/1/2024 15:10,Billing,Medium,Resolved,4.2,20.0,AGT-04,3.0,Unexpected fee on account
TKT-432,2/13/2024 15:38,Billing,High,Resolved,0.5,1.2,AGT-10,4.0,Wrong plan charged
TKT-433,1/23/2024 15:57,Billing,Medium,Open,3.1,,AGT-10,,Refund not processed
TKT-434,1/17/2024 17:34,Billing,Medium,Open,4.5,,AGT-01,,Wrong plan charged
TKT-435,1/6/2024 16:27,General,Medium,Resolved,4.7,9.7,AGT-04,5.0,How to export data to CSV
TKT-436,3/2/2024 11:58,Technical,Low,Open,1.6,,AGT-02,,SSL certificate issue
TKT-437,1/1/2024 17:33,Technical,Low,Resolved,2.7,39.4,AGT-02,4.0,API timeout errors in production
TKT-438,3/15/2024 12:16,Billing,Medium,Resolved,2.2,17.0,AGT-09,5.0,Wrong plan charged
TKT-439,3/2/2024 10:23,General,High,Resolved,2.9,4.8,AGT-09,5.0,Feature request: dark mode
TKT-440,1/30/2024 15:50,General,Low,Resolved,4.8,38.6,AGT-12,5.0,Request for product documentation
TKT-441,3/22/2024 8:51,Billing,Medium,Resolved,4.2,3.9,AGT-02,3.0,Invoice not received
TKT-442,2/19/2024 14:39,Billing,Medium,Open,2.7,,AGT-11,,Incorrect charge on invoice
TKT-443,2/26/2024 8:12,Billing,Medium,Resolved,4.7,19.2,AGT-11,4.0,Subscription not activated after payment
TKT-444,1/5/2024 13:15,General,Low,Resolved,0.2,38.3,AGT-11,4.0,How to add team members
TKT-445,3/7/2024 8:47,Technical,Medium,Resolved,0.5,20.3,AGT-12,5.0,Error 500 on checkout page
TKT-446,2/5/2024 11:38,Technical,Critical,Resolved,2.4,60.6,AGT-04,4.0,Database connection timeout
TKT-447,2/13/2024 9:51,Billing,Medium,Open,4.8,,AGT-09,,Unexpected fee on account
TKT-448,2/18/2024 17:30,General,Medium,Escalated,3.8,,AGT-04,,Change notification preferences
TKT-449,3/16/2024 8:30,General,Medium,Resolved,1.4,6.8,AGT-02,5.0,Request for account deletion
TKT-450,3/7/2024 16:00,Technical,Critical,Resolved,4.2,4.2,AGT-12,5.0,API timeout errors in production
TKT-451,3/1/2024 13:22,General,Critical,Resolved,4.5,4.3,AGT-04,5.0,Change notification preferences
TKT-452,1/31/2024 12:13,General,Low,Resolved,1.2,10.9,AGT-04,2.0,How to export data to CSV
TKT-453,3/4/2024 17:00,General,Critical,Escalated,4.8,,AGT-09,,Request for account deletion
TKT-454,3/14/2024 12:31,General,Medium,Open,4.9,,AGT-03,,Need help with onboarding
TKT-455,3/14/2024 10:03,Technical,Low,Resolved,4.0,26.1,AGT-09,4.0,Dashboard not loading
TKT-456,3/30/2024 16:29,Technical,Critical,Resolved,3.5,3.7,AGT-06,3.0,Mobile app crash on startup
TKT-457,2/3/2024 11:17,Technical,Low,Resolved,4.8,22.7,AGT-08,4.0,Error 500 on checkout page
TKT-458,2/5/2024 15:11,Technical,High,Resolved,0.8,2.1,AGT-10,3.0,Integration broken after version upgrade
TKT-459,2/18/2024 11:09,General,Medium,Open,0.9,,AGT-12,,Feature request: dark mode
TKT-460,3/21/2024 16:34,Technical,Medium,Resolved,1.7,20.9,AGT-12,1.0,API timeout errors in production
TKT-461,1/28/2024 12:30,General,Low,Open,0.7,,AGT-11,,Need help with onboarding
TKT-462,3/12/2024 12:22,Technical,Medium,Resolved,2.2,15.3,AGT-01,4.0,Database connection timeout
TKT-463,2/6/2024 13:20,Billing,Critical,Escalated,2.7,,AGT-11,,Payment failed but amount deducted
TKT-464,2/6/2024 15:40,Billing,Medium,Resolved,4.4,11.3,AGT-03,4.0,Wrong plan charged
TKT-465,2/13/2024 11:20,Billing,Low,Open,3.3,,AGT-06,,Wrong plan charged
TKT-466,2/16/2024 17:33,Technical,High,Resolved,2.2,100.4,AGT-08,4.0,API timeout errors in production
TKT-467,1/14/2024 9:04,Billing,Low,Resolved,2.8,37.7,AGT-08,2.0,Unexpected fee on account
TKT-468,3/24/2024 14:19,General,Low,Resolved,1.4,9.8,AGT-04,5.0,Request for product documentation
TKT-469,2/11/2024 15:29,Billing,High,Resolved,4.7,11.4,AGT-09,4.0,Payment failed but amount deducted
TKT-470,3/13/2024 14:33,General,High,Resolved,3.3,6.9,AGT-11,5.0,Change notification preferences
TKT-471,2/3/2024 10:19,Technical,Medium,Open,0.2,,AGT-01,,Dashboard not loading
TKT-472,3/9/2024 8:44,Technical,Low,Resolved,4.7,79.0,AGT-08,3.0,Integration broken after version upgrade
TKT-473,1/25/2024 14:56,Billing,Medium,Resolved,2.3,16.2,AGT-09,5.0,Subscription not activated after payment
TKT-474,3/21/2024 11:33,Technical,Low,Resolved,4.1,36.7,AGT-10,5.0,SSL certificate issue
TKT-475,1/24/2024 10:18,Billing,High,Open,3.3,,AGT-02,,Unexpected fee on account
TKT-476,1/25/2024 13:01,General,Medium,Resolved,0.4,4.3,AGT-03,3.0,Change notification preferences
TKT-477,1/12/2024 10:00,General,Low,Resolved,1.2,25.9,AGT-08,4.0,Request for product documentation
TKT-478,1/19/2024 8:17,Technical,Low,Resolved,0.5,41.0,AGT-07,5.0,System login failure after update
TKT-479,2/1/2024 14:49,Billing,Critical,Open,1.4,,AGT-08,,Subscription not activated after payment
TKT-480,1/13/2024 16:42,Technical,High,Open,2.5,,AGT-04,,Data sync not working
TKT-481,1/6/2024 16:33,Technical,Low,Resolved,1.4,43.1,AGT-02,5.0,Integration broken after version upgrade
TKT-482,2/25/2024 13:00,Billing,Low,Resolved,4.0,14.7,AGT-03,5.0,Payment failed but amount deducted
TKT-483,2/17/2024 9:15,General,Medium,Resolved,2.6,23.3,AGT-03,5.0,Request for product documentation
TKT-484,1/20/2024 16:50,Billing,Medium,Resolved,0.8,19.3,AGT-02,5.0,Payment failed but amount deducted
TKT-485,3/29/2024 14:22,General,Low,Open,0.8,,AGT-12,,Change notification preferences
TKT-486,2/7/2024 16:44,General,Medium,Resolved,1.1,18.1,AGT-08,3.0,Feature request: dark mode
TKT-487,2/27/2024 12:52,Billing,Medium,Resolved,2.8,13.1,AGT-05,5.0,Incorrect charge on invoice
TKT-488,3/20/2024 11:20,General,High,Escalated,0.5,,AGT-12,,How to add team members
TKT-489,3/4/2024 16:09,Billing,Medium,Resolved,1.6,4.1,AGT-10,4.0,Incorrect charge on invoice
TKT-490,1/5/2024 11:06,Billing,Low,Resolved,1.1,21.1,AGT-08,4.0,Unexpected fee on account
TKT-491,3/18/2024 9:00,Billing,Medium,Open,3.3,,AGT-04,,Refund not processed
TKT-492,1/8/2024 13:35,Technical,High,Resolved,4.7,8.8,AGT-12,5.0,Data sync not working
TKT-493,1/10/2024 12:04,General,Low,Resolved,4.8,27.4,AGT-04,3.0,Question about usage limits
TKT-494,1/23/2024 16:47,General,Medium,Resolved,2.2,9.9,AGT-09,4.0,How to add team members
TKT-495,1/24/2024 16:25,Billing,Low,Resolved,1.8,23.5,AGT-09,4.0,Invoice not received
TKT-496,2/11/2024 13:26,General,Critical,Escalated,2.3,,AGT-11,,Question about usage limits
TKT-497,2/18/2024 16:59,General,Medium,Escalated,1.4,,AGT-12,,Change notification preferences
TKT-498,1/5/2024 12:38,Technical,Low,Escalated,2.7,,AGT-01,,Data sync not working
TKT-499,1/29/2024 11:54,Billing,Medium,Open,0.3,,AGT-06,,Unexpected fee on account
TKT-500,3/14/2024 17:09,General,Medium,Resolved,0.4,10.1,AGT-02,4.0,Question about usage limits
